2025-03-17 17:04:09, 76461
2025-03-17 17:15:08, 76704
2025-03-17 17:20:04, 76797
2025-03-17 17:25:04, 76594
2025-03-17 17:30:03, 76530
2025-03-17 17:35:03, 76534
2025-03-17 17:40:03, 76432
2025-03-17 17:45:01, 76280
2025-03-17 17:50:02, 76169
2025-03-17 17:55:01, 76433
2025-03-17 18:00:01, 76422
2025-03-17 18:05:01, 76494
2025-03-17 18:10:01, 76670
2025-03-17 18:15:01, 76658
2025-03-17 18:20:01, 76769
2025-04-05 15:16:26, 75466
2025-04-05 15:33:24, 75441
2025-04-05 15:35:01, 75441
2025-04-05 15:40:01, 75322
2025-04-05 15:45:01, 75217
